Tool Type,Tool,Use Cases,Rank,Ranking Insights
Infrastructure as Code (IaC),Terraform,Provisioning and managing cloud infrastructure using declarative configuration files.,5.0,Critical Tools: Foundational and universally recognized. Mastery required for most roles.
Orchestration,Kubernetes,Orchestrating; scaling; and managing containerized applications across clusters.,5.0,Critical Tools: Foundational and universally recognized. Mastery required for most roles.
Containerization,Docker,Containerizing applications for consistent environments across development and production.,5.0,Critical Tools: Foundational and universally recognized. Mastery required for most roles.
Continuous Integration/Continuous Deployment (CI/CD),GitHub Actions,Automating workflows such as building; testing; and deploying code upon specific GitHub events. Deployment Rollbacks,5.0,Critical Tools: Foundational and universally recognized. Mastery required for most roles.
Configuration Management,Ansible,Automating system configurations; deploying applications; and managing infrastructure.,3.0,No specific ranking insight available.
Monitoring and Logging,Datadog (Log Aggregation),Monitoring system performance; infrastructure metrics; and application logs; setting up alerts.,3.0,No specific ranking insight available.
Security and Compliance,Snyk,Scanning dependencies and code for vulnerabilities; ensuring security compliance.,3.0,No specific ranking insight available.
Messaging App,Microsoft Teams,Facilitating team communication and collaboration through chat and video.,3.0,No specific ranking insight available.
ChatOps,Microsoft Teams bots,Integrates communication tools with DevOps workflows to facilitate collaboration and automation directly from chat platforms.,3.0,No specific ranking insight available.
Ticket App,Jira,Tracking issues; project management; and sprint planning. Error tracking.,3.0,No specific ranking insight available.
Documentation Tool,Confluence,Creating and managing project documentation and knowledge bases.,3.0,No specific ranking insight available.
Artifact Repository,Azure Artifacts,Storing and managing build artifacts; libraries; and dependencies for deployment.,3.0,No specific ranking insight available.
Frontend Testing Tools,Selenium,Automated testing to ensure UI components function correctly.,3.0,No specific ranking insight available.
Backend Testing Tools,Postman,Validating API endpoints and server-side logic.,3.0,No specific ranking insight available.
Performance Testing Tools,JMeter,Assessing application performance under load.,3.0,No specific ranking insight available.
Unit Testing Tools,Pytest,Testing individual components or functions for correctness.,3.0,No specific ranking insight available.
Integration Tests,Azure Test SDK,Testing interactions between components.,3.0,No specific ranking insight available.
Regression Tests,Various Tools,Ensuring previous functionality is not broken.,3.0,No specific ranking insight available.
Cost Management and Alerts,Azure Cost Management,Monitoring and optimizing cloud expenditure; setting up cost-related alerts and budgets.,4.0,"Highly Recommended Tools: Practical and important, but may not be used in every scenario."
Networking DNS,Azure DNS,Managing DNS records and domains.,3.0,No specific ranking insight available.
Private Networks external,Azure ExpressRoute,Establishing dedicated private network connections from exernal to Azure.,3.0,No specific ranking insight available.
Load Balancing,Azure Load Balancer,Operating at Layer 4 (TCP; UDP) of the OSI model.,3.0,No specific ranking insight available.
Application Gateway,Azure Application Gateway,Layer 7 (HTTP; HTTPS; WebSocket) load balancing.,3.0,No specific ranking insight available.
API Gateways,Azure API Management,Acts as a facade for backend services and manages API endpoints. API Rate Limiting,4.0,"Highly Recommended Tools: Practical and important, but may not be used in every scenario."
Database Management/Migration,Flyway,Version control for database schema changes and migrations.,4.0,"Highly Recommended Tools: Practical and important, but may not be used in every scenario."
Backup and Recovery,Azure Backup,Implementing data backup and recovery strategies to ensure data integrity and availability. Simulated Outages,3.0,No specific ranking insight available.
Container Registries,Azure Container Registry (ACR),Storing and managing container images for deployment.,3.0,No specific ranking insight available.
Secret Management,Azure Key Vault,Managing sensitive information like API keys; passwords; and certificates securely.,3.0,No specific ranking insight available.
Incident Management,PagerDuty,Handling and responding to operational incidents and outages; coordinating response efforts.,5.0,Critical Tools: Foundational and universally recognized. Mastery required for most roles.
Code Documentation Automation,Heredoc,Creating and maintaining comprehensive documentation for codebases and projects.,3.0,No specific ranking insight available.
Branching Style,Rebase,Defining version control branching strategies to manage feature development and releases.,3.0,No specific ranking insight available.
Versioning Style,Semantic Versioning,Using a standardized versioning scheme to reflect changes and ensure compatibility.,3.0,No specific ranking insight available.
API Versioning,Swagger (OpenAPI),Managing different versions of APIs to maintain backward compatibility and manage updates.,3.0,No specific ranking insight available.
Environment Spin-up for Tests,Kubernetes,Creating temporary environments (dev; stage; prod) for system and integration tests.,5.0,Critical Tools: Foundational and universally recognized. Mastery required for most roles.
Environments,dev/stage/prod/test,Maintaining separate environments for development; staging; and production to ensure stability.,3.0,No specific ranking insight available.
Code Review Rules,GitHub,Ensuring code quality and adherence to standards through peer reviews.,3.0,No specific ranking insight available.
Repository Rules Linting Pass,Pylint,Automatically checking code for stylistic and programming errors.,3.0,No specific ranking insight available.
Repository Rules Tests Pass,Smoke/unit/integration,Ensuring that unit tests pass before code is merged.,3.0,No specific ranking insight available.
Repository Rules Security Pass,Snyk,Identifying and addressing security vulnerabilities before deployment.,3.0,No specific ranking insight available.
Code Review Automation,DeepCode/Codacy,Utilizing AI to automate and enhance the code review process.,3.0,No specific ranking insight available.
Code Analysis,CodeClimate,Analyzing code for maintainability; complexity; and potential issues to enforce standards.,3.0,Specialized Tools: Useful for advanced or domain-specific workflows.
Deployment Strategies Blue-Green Deployments,Azure App Service Deployment Slots,Switching traffic between two identical environments to minimize downtime.,3.0,No specific ranking insight available.
Deployment Strategies Canary Releases,Spinnaker/Istio,Gradually rolling out updates to a subset of users to monitor and mitigate risks.,3.0,No specific ranking insight available.
Deployment Strategies A/B Testing on Production,LaunchDarkly/Optimizely,Comparing different versions in the live environment to evaluate performance and user response.,3.0,No specific ranking insight available.
Chaos Engineering,Chaos Monkey/Gremlin,Intentionally introducing failures to test system resilience and identify weaknesses.,3.0,No specific ranking insight available.
GitOps,Argo CD/Flux,Managing infrastructure and deployments using Git as the single source of truth with declarative processes.,3.0,No specific ranking insight available.
Integrated Development Environments (IDEs),VSCode,Shared configurations for uniformity and security.,3.0,No specific ranking insight available.
Business Intelligence and Analytics,Tableau,Creating data visualizations and dashboards to analyze business metrics; enabling data-driven decision-making.,3.0,No specific ranking insight available.
Feature Flagging,LaunchDarkly,Managing feature rollouts and toggling features on/off without deploying new code.,3.0,Specialized Tools: Useful for advanced or domain-specific workflows.
API Documentation Automation,Swagger UI,Automatically generating interactive API documentation from OpenAPI specifications.,3.0,No specific ranking insight available.
Task Scheduling,Azure Automation,Automating repetitive tasks and scheduling jobs at specified intervals.,3.0,No specific ranking insight available.
Version Control Systems,git,Tracking changes in source code; enabling collaboration; branching; and merging.,3.0,No specific ranking insight available.
Search and Indexing,Elasticsearch,Providing distributed RESTful search and analytics for all types of data including logs; metrics; and application data.,3.0,No specific ranking insight available.
CDN,Cloudflare,Delivering content quickly and securely to users worldwide with caching; DDoS protection; and performance optimization.,3.0,No specific ranking insight available.
Service Discovery,Azure Service Fabric,Enabling service discovery; configuration; and segmentation for distributed applications and microservices architectures.,3.0,No specific ranking insight available.
Cache,Redis,Implementing in-memory data structures for caching; session management; real-time analytics; and message brokering.,3.0,No specific ranking insight available.
Service Mesh,"Istio, Traefik",Managing microservices communication; security; and monitoring within Kubernetes clusters.,3.0,No specific ranking insight available.
Application Performance Monitoring (APM),Azure Monitor,Providing end-to-end application monitoring; user experience insights; and infrastructure monitoring.,3.0,No specific ranking insight available.
Task Automation between Apps,Zapier,Automating workflows by connecting different apps and services.,2.0,Context-Dependent Tools: Adds value in specific contexts or for personal development.
License Management,FOSSA,Managing open-source licenses and ensuring compliance with licensing requirements.,2.0,Context-Dependent Tools: Adds value in specific contexts or for personal development.
Release Management,Octopus Deploy,Manages the process of deploying new software versions ensuring that releases are delivered smoothly and reliably.,4.0,"Highly Recommended Tools: Practical and important, but may not be used in every scenario."
Change Management,Jira Service Management,controls changes to the infrastructure and applications to minimize risks and ensure stability,3.0,No specific ranking insight available.
Localization and Internationalization,i18next,Ensures that applications support multiple languages and regional settings.,2.0,Context-Dependent Tools: Adds value in specific contexts or for personal development.
Data Encryption in Transit and at Rest,TLS/SSL,Ensures that data is securely encrypted both while being transmitted and when stored.,3.0,No specific ranking insight available.
Proxy Management,NGINX,Manages proxy servers to handle client requests enhance security and optimize performance.,1.0,Emerging or Peripheral Tools: Optional or niche tools with limited adoption or relevance.
Compliance as Code,Open Policy Agent (OPA),Automates compliance checks and ensures that infrastructure adheres to regulatory standards through code.,3.0,No specific ranking insight available.
SLA/RPO/RTO,documentation?,Service Level Agreements (SLA) Recovery Point Objectives (RPO) and Recovery Time Objectives (RTO),3.0,No specific ranking insight available.
Learning Platforms,"Pluralsight, Udemy, Coursera","Gaining foundational knowledge in DevOps practices, certifications, and hands-on labs for tools like Kubernetes, Docker, Terraform, etc.",2.0,Context-Dependent Tools: Adds value in specific contexts or for personal development.
Container Security,Trivy,"Scanning container images for vulnerabilities, misconfigurations, and compliance issues before deployment.",4.0,"Highly Recommended Tools: Practical and important, but may not be used in every scenario."
Pipeline Observability,Buildkite,Monitoring and scaling CI pipelines for high-performance build and deployment workflows.,3.0,Specialized Tools: Useful for advanced or domain-specific workflows.
Immutable Infrastructure Management,Packer,"Automating the creation of machine images for cloud platforms such as AWS, Azure, and GCP to support immutable deployments.",3.0,Specialized Tools: Useful for advanced or domain-specific workflows.
Database Observability,Percona Monitoring and Management (PMM),"Observing and troubleshooting performance issues in databases like MySQL, MongoDB, and PostgreSQL.",3.0,Specialized Tools: Useful for advanced or domain-specific workflows.
Storage Orchestration,Rook,"Enabling Kubernetes-native storage orchestration and provisioning for block, file, and object storage systems.",3.0,Specialized Tools: Useful for advanced or domain-specific workflows.
Distributed Tracing,"Jaeger, OpenTelemetry",Tracking the flow of requests across distributed services to identify latency bottlenecks and improve observability.,4.0,"Highly Recommended Tools: Practical and important, but may not be used in every scenario."
Release Management,Harness,"Automating deployments with advanced canary, blue-green, and feature flagging strategies.",4.0,"Highly Recommended Tools: Practical and important, but may not be used in every scenario."
Container Networking,Cilium,Securing and monitoring container network communications using eBPF-based solutions.,3.0,Specialized Tools: Useful for advanced or domain-specific workflows.
Incident Retrospective Tools,Blameless,Facilitating post-mortem analysis and incident retrospectives with a focus on continuous improvement.,1.0,Emerging or Peripheral Tools: Optional or niche tools with limited adoption or relevance.
Remote Development Environments,"Gitpod, GitHub Codespaces",Providing cloud-based development environments to ensure consistency and reduce onboarding times.,1.0,Emerging or Peripheral Tools: Optional or niche tools with limited adoption or relevance.
CI/CD Pipelines,Dagger.io,"Simplifies CI/CD pipelines by enabling developers to construct and test them locally, ensuring consistency across environments.",4.0,Emerging Tool: Focused on enhancing pipeline automation and local testing for improved consistency.
GitOps,Argo CD,"Declarative, GitOps continuous delivery tool for Kubernetes, facilitating automated deployment of applications.",5.0,"Emerging Tool: Prominent GitOps tool for Kubernetes, emphasizing automation and scalability."
Infrastructure as Code (IaC),Pulumi,"Allows infrastructure as code using familiar programming languages, enhancing developer productivity and collaboration.",4.0,Emerging Tool: Provides flexibility by using programming languages for infrastructure automation.
Service Mesh,Istio,"Manages microservices communication, security, and monitoring within Kubernetes clusters.",4.0,Emerging Tool: Key service mesh tool enabling secure and observable microservices communication.
Log Aggregation,Grafana Loki,"Efficient and scalable log aggregation, complementing Grafana's monitoring capabilities.",4.0,Emerging Tool: Enhances observability with lightweight and efficient log aggregation.
